{"posts":{"items":[{"id":"1","fileName":"healthy-high-protein-breakfast-ideas.html","name":"healthy-high-protein-breakfast-ideas","publicUrl":"np://user.desktop.nicepage.com/Site_946200960/blog/healthy-high-protein-breakfast-ideas.html","size":5586,"title":"Healthy High-Protein Breakfast Ideas","created":1735143006131,"updated":1738058466124,"featured":"np://user.desktop.nicepage.com/Site_946200960/images/flat-lay-plate-with-keto-diet-fo.jpg","excerpt":"Sample small text. Semper per platea suscipit ac sapien auctor. Potenti nostra luctus nibh molestie conubia. Mollis sed magna luctus quis potenti fringilla commodo maecenas odio. Lacinia sed accumsan platea enim pharetra rhoncus, penatibus a auctor. Monte..."},{"id":"4","fileName":"my-favorite-meal-planning-strategy.html","name":"my-favorite-meal-planning-strategy","publicUrl":"np://user.desktop.nicepage.com/Site_946200960/blog/my-favorite-meal-planning-strategy.html","size":5311,"title":"My Favorite Meal Planning Strategy","created":1735143006160,"updated":1738059471764,"featured":"np://user.desktop.nicepage.com/Site_946200960/images/diet-concept-with-sporty-woman-k.jpg","excerpt":"Sample small text. Sollicitudin duis erat nisi porttitor litora massa? Cras netus finibus nam varius efficitur commodo nibh condimentum. Ac himenaeos semper lectus sem dolor imperdiet amet. Nunc pretium parturient congue integer feugiat."},{"id":"3","fileName":"ten-top-tips-using-diet-and-lifestyle-to-help.html","name":"ten-top-tips-using-diet-and-lifestyle-to-help","publicUrl":"np://user.desktop.nicepage.com/Site_946200960/blog/ten-top-tips-using-diet-and-lifestyle-to-help.html","size":5457,"title":"Ten top tips using diet and lifestyle to help","created":1735143006150,"updated":1738058749012,"featured":"np://user.desktop.nicepage.com/Site_946200960/images/flexitarian-diet-food-composition_23-2148955511.jpg","excerpt":"Sample small text. Morbi ac enim auctor quam vel conubia ante; donec convallis. Ligula non cubilia, viverra ullamcorper class vehicula. Facilisi eros dis erat orci cras penatibus pharetra aptent elementum. Nullam etiam himenaeos, nibh efficitur felis ipsu..."},{"id":"2","fileName":"the-best-diet-to-balance-hormones.html","name":"the-best-diet-to-balance-hormones","publicUrl":"np://user.desktop.nicepage.com/Site_946200960/blog/the-best-diet-to-balance-hormones.html","size":5450,"title":"The Best Diet to Balance Hormones","created":1735143006141,"updated":1738058606354,"featured":"np://user.desktop.nicepage.com/Site_946200960/images/young-sporty-woman-with-pepper-k.jpg","excerpt":"Sample small text. Non augue erat dictum magna in metus suscipit eleifend. Metus vel aenean vestibulum fermentum accumsan ad. Conubia bibendum congue nam mollis donec et augue ullamcorper integer. Turpis pretium pellentesque class; blandit risus habitasse..."},{"id":"6","fileName":"the-highest-concentration-of-healthy-nutrients.html","name":"the-highest-concentration-of-healthy-nutrients","publicUrl":"np://user.desktop.nicepage.com/Site_946200960/blog/the-highest-concentration-of-healthy-nutrients.html","size":5436,"title":"The highest concentration of healthy nutrients","created":1735143006175,"updated":1738059100810,"featured":"np://user.desktop.nicepage.com/Site_946200960/images/young-happy-woman-eating-salad-t.jpg","excerpt":"Sample small text. Conubia nisi hac ex litora dapibus dictum. Penatibus massa mollis rutrum ut pellentesque mollis hendrerit proin. Sit tincidunt diam egestas class donec bibendum montes. Libero augue facilisis gravida non donec nostra. Taciti mattis mass..."},{"id":"5","fileName":"what-is-normal-eating.html","name":"what-is-normal-eating","publicUrl":"np://user.desktop.nicepage.com/Site_946200960/blog/what-is-normal-eating.html","size":5337,"title":"What Is Normal Eating?","created":1735143006167,"updated":1738059368119,"featured":"np://user.desktop.nicepage.com/Site_946200960/images/ung-lady-having-fun-breakfast-with-green-apples-oranges-indoor-photo-positive-caucasian-girl-eating-fruits-cake_197531-9712.jpg","excerpt":"Sample small text. Morbi ac enim auctor quam vel conubia ante; donec convallis. Ligula non cubilia, viverra ullamcorper class vehicula. Facilisi eros dis erat orci cras penatibus pharetra aptent elementum. Nullam etiam himenaeos, nibh efficitur felis ipsu..."}]},"categories":[{"id":"2","title":"Travel","categoryId":null,"created":1743889959776,"updated":1743889959776}]}