[{"id":"user-image-logo-3.png","publicUrl":"np://user.desktop.nicepage.com/Site_946200960/images/logo-3.png","size":17145,"hash":"B8wGN1HPv8V2oLCIoOLJDGNW5w8=","fileName":"logo-3.png","name":"logo-3","width":1534,"height":200,"thumbnail":{"url":"np://user.desktop.nicepage.com/Site_946200960/images/thumbnails/logo-3.png","width":250,"height":33},"folderId":null,"originalUrl":"https://assets.nicepagecdn.com/d2cc3eaa/6414576/images/logo-3.png","usages":[]},{"id":"user-image-logo-image.png","publicUrl":"np://user.desktop.nicepage.com/Site_946200960/images/logo-image.png","size":29615,"hash":"RPQGnulgScX170pskcbfMjsHeR0=","fileName":"logo-image.png","name":"logo-image","width":1534,"height":200,"thumbnail":{"url":"np://user.desktop.nicepage.com/Site_946200960/images/thumbnails/logo-image.png","width":250,"height":33},"folderId":null,"originalUrl":"https://assets.nicepagecdn.com/d2cc3eaa/6414576/images/logo-image.png","usages":[]},{"id":"user-image-1.png","publicUrl":"np://user.desktop.nicepage.com/Site_946200960/images/1.png","size":1293,"hash":"fyysfBLq67UYy2dzLU8wzYamDAs=","fileName":"1.png","name":"1","width":128,"height":128,"thumbnail":{"url":"np://user.desktop.nicepage.com/Site_946200960/images/thumbnails/1.png","width":128,"height":128,"length":1293,"type":"png"},"folderId":null,"originalUrl":"https://assets.nicepagecdn.com/d2cc3eaa/6414576/images/1.png","usages":[]},{"id":"user-image-545682.png","publicUrl":"np://user.desktop.nicepage.com/Site_946200960/images/545682.png","size":755,"hash":"Ix3+IQY86UX/E6fyn9I01vpWCNQ=","fileName":"545682.png","name":"545682","width":128,"height":128,"thumbnail":{"url":"np://user.desktop.nicepage.com/Site_946200960/images/thumbnails/545682.png","width":128,"height":128,"length":755,"type":"png"},"folderId":null,"originalUrl":"https://assets.nicepagecdn.com/d2cc3eaa/6414576/images/545682.png","usages":[]},{"id":"user-image-happy-woman-standing-indoors-near-table-with-lot-citrusesw4.jpg","publicUrl":"np://user.desktop.nicepage.com/Site_946200960/images/happy-woman-standing-indoors-near-table-with-lot-citrusesw4.jpg","size":214984,"hash":"p2tmiLNuRusEtZnCV1biAOAsy+Q=","fileName":"happy-woman-standing-indoors-near-table-with-lot-citrusesw4.jpg","name":"happy-woman-standing-indoors-near-table-with-lot-citrusesw4","width":700,"height":968,"thumbnail":{"url":"np://user.desktop.nicepage.com/Site_946200960/images/thumbnails/happy-woman-standing-indoors-near-table-with-lot-citrusesw4.jpg","width":181,"height":250},"folderId":null,"originalUrl":"https://assets.nicepagecdn.com/d2cc3eaa/6414576/images/happy-woman-standing-indoors-near-table-with-lot-citrusesw4.jpg","usages":[]},{"id":"user-image-food-vlogger_144627-40651.jpg","publicUrl":"np://user.desktop.nicepage.com/Site_946200960/images/food-vlogger_144627-40651.jpg","size":117592,"hash":"hj0rLg6cG9+30yHhfImq2K9dQ68=","fileName":"food-vlogger_144627-40651.jpg","name":"food-vlogger_144627-40651","width":740,"height":1110,"thumbnail":{"url":"np://user.desktop.nicepage.com/Site_946200960/images/thumbnails/food-vlogger_144627-40651.jpg","width":167,"height":250},"folderId":null,"originalUrl":"https://assets.nicepagecdn.com/d2cc3eaa/6414576/images/food-vlogger_144627-40651.jpg","usages":[]},{"id":"user-image-closeup-cut-avocado-womans-hands.jpg","publicUrl":"np://user.desktop.nicepage.com/Site_946200960/images/closeup-cut-avocado-womans-hands.jpg","size":153599,"hash":"iGXaZ4KymYx3Z2pItO1/SfpqjU4=","fileName":"closeup-cut-avocado-womans-hands.jpg","name":"closeup-cut-avocado-womans-hands","width":740,"height":1110,"thumbnail":{"url":"np://user.desktop.nicepage.com/Site_946200960/images/thumbnails/closeup-cut-avocado-womans-hands.jpg","width":167,"height":250},"folderId":null,"originalUrl":"https://assets.nicepagecdn.com/d2cc3eaa/6414576/images/closeup-cut-avocado-womans-hands.jpg","usages":[]},{"id":"user-image-top-view-ingredients-dryfruits-vegetables-black-background-min.jpg","publicUrl":"np://user.desktop.nicepage.com/Site_946200960/images/top-view-ingredients-dryfruits-vegetables-black-background-min.jpg","size":646468,"hash":"BenHo1+74x2X7VMkySXfB7mNVpo=","fileName":"top-view-ingredients-dryfruits-vegetables-black-background-min.jpg","name":"top-view-ingredients-dryfruits-vegetables-black-background-min","width":1980,"height":1320,"thumbnail":{"url":"np://user.desktop.nicepage.com/Site_946200960/images/thumbnails/top-view-ingredients-dryfruits-vegetables-black-background-min.jpg","width":250,"height":167},"folderId":null,"originalUrl":"https://assets.nicepagecdn.com/d2cc3eaa/6414576/images/top-view-ingredients-dryfruits-vegetables-black-background-min.jpg","usages":[]},{"id":"user-image-woman-standing-indoors-squeezes-out-juice-citruses4-min.jpg","publicUrl":"np://user.desktop.nicepage.com/Site_946200960/images/woman-standing-indoors-squeezes-out-juice-citruses4-min.jpg","size":331665,"hash":"hhVHjFz8DuMzm7G+O5MiAkJCVVs=","fileName":"woman-standing-indoors-squeezes-out-juice-citruses4-min.jpg","name":"woman-standing-indoors-squeezes-out-juice-citruses4-min","width":1980,"height":1320,"thumbnail":{"url":"np://user.desktop.nicepage.com/Site_946200960/images/thumbnails/woman-standing-indoors-squeezes-out-juice-citruses4-min.jpg","width":250,"height":167},"folderId":null,"originalUrl":"https://assets.nicepagecdn.com/d2cc3eaa/6414576/images/woman-standing-indoors-squeezes-out-juice-citruses4-min.jpg","usages":["80835936"]},{"id":"user-image-real-food-pyramid-assortment_23.jpg","publicUrl":"np://user.desktop.nicepage.com/Site_946200960/images/real-food-pyramid-assortment_23.jpg","size":223174,"hash":"qJOomdIeBHWNKZxYt+0A0c4bzq0=","fileName":"real-food-pyramid-assortment_23.jpg","name":"real-food-pyramid-assortment_23","width":740,"height":1110,"thumbnail":{"url":"np://user.desktop.nicepage.com/Site_946200960/images/thumbnails/real-food-pyramid-assortment_23.jpg","width":167,"height":250},"folderId":null,"originalUrl":"https://assets.nicepagecdn.com/d2cc3eaa/6414576/images/real-food-pyramid-assortment_23.jpg","usages":[]},{"id":"user-image-4-min.jpg","publicUrl":"np://user.desktop.nicepage.com/Site_946200960/images/4-min.jpg","size":548569,"hash":"N4dB0CfWOqgQk+qxGnJIX4OliLY=","fileName":"4-min.jpg","name":"4-min","width":1980,"height":1108,"thumbnail":{"url":"np://user.desktop.nicepage.com/Site_946200960/images/thumbnails/4-min.jpg","width":250,"height":140},"folderId":null,"originalUrl":"https://assets.nicepagecdn.com/d2cc3eaa/6414576/images/4-min.jpg","usages":[]},{"id":"user-image-buddha-bowl-dish-5.jpg","publicUrl":"np://user.desktop.nicepage.com/Site_946200960/images/buddha-bowl-dish-5.jpg","size":1227041,"hash":"vYpHvGUa+UBoGTBIcve6mjrvEck=","fileName":"buddha-bowl-dish-5.jpg","name":"buddha-bowl-dish-5","width":1980,"height":1320,"thumbnail":{"url":"np://user.desktop.nicepage.com/Site_946200960/images/thumbnails/buddha-bowl-dish-5.jpg","width":250,"height":167},"folderId":null,"originalUrl":"https://assets.nicepagecdn.com/d2cc3eaa/6414576/images/buddha-bowl-dish-5.jpg","usages":[]},{"id":"user-image-concentrated-woman-standing-indo.jpg","publicUrl":"np://user.desktop.nicepage.com/Site_946200960/images/concentrated-woman-standing-indo.jpg","size":150944,"hash":"oXsKH4V5ZIVW7dJyhFaaM5nIhkw=","fileName":"concentrated-woman-standing-indo.jpg","name":"concentrated-woman-standing-indo","width":740,"height":1110,"thumbnail":{"url":"np://user.desktop.nicepage.com/Site_946200960/images/thumbnails/concentrated-woman-standing-indo.jpg","width":167,"height":250},"folderId":null,"originalUrl":"https://assets.nicepagecdn.com/d2cc3eaa/6414576/images/concentrated-woman-standing-indo.jpg","usages":[]},{"id":"user-image-book-new-2-min.png","publicUrl":"np://user.desktop.nicepage.com/Site_946200960/images/book-new-2-min.png","size":113614,"hash":"hIV9KLbCF+Nmp9XMr/UjrLEYZCo=","fileName":"book-new-2-min.png","name":"book-new-2-min","width":681,"height":818,"thumbnail":{"url":"np://user.desktop.nicepage.com/Site_946200960/images/thumbnails/book-new-2-min.png","width":208,"height":250},"folderId":null,"originalUrl":"https://assets.nicepagecdn.com/d2cc3eaa/6414576/images/book-new-2-min.png","usages":[]},{"id":"user-image-2838815.png","publicUrl":"np://user.desktop.nicepage.com/Site_946200960/images/2838815.png","size":4304,"hash":"wgmsjNceJMNPRFHuuIrRHSOkyjE=","fileName":"2838815.png","name":"2838815","width":128,"height":128,"thumbnail":{"url":"np://user.desktop.nicepage.com/Site_946200960/images/thumbnails/2838815.png","width":128,"height":128,"length":4304,"type":"png"},"folderId":null,"originalUrl":"https://assets.nicepagecdn.com/d2cc3eaa/6414576/images/2838815.png","usages":["2132117694"]},{"id":"user-image-9477580.png","publicUrl":"np://user.desktop.nicepage.com/Site_946200960/images/9477580.png","size":2974,"hash":"tHOTlYgNg5EF9p100vmPmvGJOC4=","fileName":"9477580.png","name":"9477580","width":128,"height":128,"thumbnail":{"url":"np://user.desktop.nicepage.com/Site_946200960/images/thumbnails/9477580.png","width":128,"height":128,"length":2974,"type":"png"},"folderId":null,"originalUrl":"https://assets.nicepagecdn.com/d2cc3eaa/6414576/images/9477580.png","usages":["2132117694"]},{"id":"user-image-446158.png","publicUrl":"np://user.desktop.nicepage.com/Site_946200960/images/446158.png","size":1929,"hash":"yMZZ1iyKZvPVMRZ7sRcYe7FzCGo=","fileName":"446158.png","name":"446158","width":128,"height":128,"thumbnail":{"url":"np://user.desktop.nicepage.com/Site_946200960/images/thumbnails/446158.png","width":128,"height":128,"length":1929,"type":"png"},"folderId":null,"originalUrl":"https://assets.nicepagecdn.com/d2cc3eaa/6414576/images/446158.png","usages":["2132117694"]},{"id":"user-image-681443.png","publicUrl":"np://user.desktop.nicepage.com/Site_946200960/images/681443.png","size":3644,"hash":"YvUYxgGU8NJcoU/N4k2sLnoGkTU=","fileName":"681443.png","name":"681443","width":128,"height":128,"thumbnail":{"url":"np://user.desktop.nicepage.com/Site_946200960/images/thumbnails/681443.png","width":128,"height":128,"length":3644,"type":"png"},"folderId":null,"originalUrl":"https://assets.nicepagecdn.com/d2cc3eaa/6414576/images/681443.png","usages":["2132117694"]},{"id":"user-image-9757111.png","publicUrl":"np://user.desktop.nicepage.com/Site_946200960/images/9757111.png","size":5545,"hash":"9bsSchSFx8nkZumJPpsYH3dkK/k=","fileName":"9757111.png","name":"9757111","width":128,"height":128,"thumbnail":{"url":"np://user.desktop.nicepage.com/Site_946200960/images/thumbnails/9757111.png","width":128,"height":128,"length":5545,"type":"png"},"folderId":null,"originalUrl":"https://assets.nicepagecdn.com/d2cc3eaa/6414576/images/9757111.png","usages":["2132117694"]},{"id":"user-image-3280024.png","publicUrl":"np://user.desktop.nicepage.com/Site_946200960/images/3280024.png","size":7497,"hash":"moV+HJIRBK9IwB6yrhmDlL5MmAo=","fileName":"3280024.png","name":"3280024","width":128,"height":128,"thumbnail":{"url":"np://user.desktop.nicepage.com/Site_946200960/images/thumbnails/3280024.png","width":128,"height":128,"length":7497,"type":"png"},"folderId":null,"originalUrl":"https://assets.nicepagecdn.com/d2cc3eaa/6414576/images/3280024.png","usages":["2132117694"]},{"id":"user-image-10504842.png","publicUrl":"np://user.desktop.nicepage.com/Site_946200960/images/10504842.png","size":5438,"hash":"gEoGhHPzVWSV72o10amTRbQFqYI=","fileName":"10504842.png","name":"10504842","width":128,"height":128,"thumbnail":{"url":"np://user.desktop.nicepage.com/Site_946200960/images/thumbnails/10504842.png","width":128,"height":128,"length":5438,"type":"png"},"folderId":null,"originalUrl":"https://assets.nicepagecdn.com/d2cc3eaa/6414576/images/10504842.png","usages":["2132117694"]},{"id":"user-image-1786614.png","publicUrl":"np://user.desktop.nicepage.com/Site_946200960/images/1786614.png","size":3850,"hash":"OM0XZDNq4OJ3aCJoBY+TsZ+QHvQ=","fileName":"1786614.png","name":"1786614","width":128,"height":128,"thumbnail":{"url":"np://user.desktop.nicepage.com/Site_946200960/images/thumbnails/1786614.png","width":128,"height":128,"length":3850,"type":"png"},"folderId":null,"originalUrl":"https://assets.nicepagecdn.com/d2cc3eaa/6414576/images/1786614.png","usages":["2132117694"]},{"id":"user-image-5247475.png","publicUrl":"np://user.desktop.nicepage.com/Site_946200960/images/5247475.png","size":679,"hash":"R9yfqDTl+hqlyoDAgQIHZ9rYxKU=","fileName":"5247475.png","name":"5247475","width":128,"height":128,"thumbnail":{"url":"np://user.desktop.nicepage.com/Site_946200960/images/thumbnails/5247475.png","width":128,"height":128,"length":679,"type":"png"},"folderId":null,"originalUrl":"https://assets.nicepagecdn.com/d2cc3eaa/6414576/images/5247475.png","usages":["2132117694"]},{"id":"user-image-woman-eating-greek-salad-with-tomato-onion_140725-186.jpg","publicUrl":"np://user.desktop.nicepage.com/Site_946200960/images/woman-eating-greek-salad-with-tomato-onion_140725-186.jpg","size":122745,"hash":"qoy8a/Js0Ke2qv91Ki4QluD88cg=","fileName":"woman-eating-greek-salad-with-tomato-onion_140725-186.jpg","name":"woman-eating-greek-salad-with-tomato-onion_140725-186","width":740,"height":899,"thumbnail":{"url":"np://user.desktop.nicepage.com/Site_946200960/images/thumbnails/woman-eating-greek-salad-with-tomato-onion_140725-186.jpg","width":206,"height":250},"folderId":null,"originalUrl":"https://assets.nicepagecdn.com/d2cc3eaa/6414576/images/woman-eating-greek-salad-with-tomato-onion_140725-186.jpg","usages":["2132117694"]},{"id":"user-image-152352.png","publicUrl":"np://user.desktop.nicepage.com/Site_946200960/images/152352.png","size":574,"hash":"oG3u3b7vrgUFv7J0XakXDI6zh3Y=","fileName":"152352.png","name":"152352","width":128,"height":128,"thumbnail":{"url":"np://user.desktop.nicepage.com/Site_946200960/images/thumbnails/152352.png","width":128,"height":128,"length":574,"type":"png"},"folderId":null,"originalUrl":"https://assets.nicepagecdn.com/d2cc3eaa/6414576/images/152352.png","usages":["2132117694"]},{"id":"user-image-preparing-food-picnic_144627-46314.jpg","publicUrl":"np://user.desktop.nicepage.com/Site_946200960/images/preparing-food-picnic_144627-46314.jpg","size":136230,"hash":"57fM+eWavo4RW59cLkNDDjbWx5I=","fileName":"preparing-food-picnic_144627-46314.jpg","name":"preparing-food-picnic_144627-46314","width":740,"height":1028,"thumbnail":{"url":"np://user.desktop.nicepage.com/Site_946200960/images/thumbnails/preparing-food-picnic_144627-46314.jpg","width":180,"height":250},"folderId":null,"originalUrl":"https://assets.nicepagecdn.com/d2cc3eaa/6414576/images/preparing-food-picnic_144627-46314.jpg","usages":["2132117694"]},{"id":"user-image-Untitled-2.jpg","publicUrl":"np://user.desktop.nicepage.com/Site_946200960/images/Untitled-2.jpg","size":75707,"hash":"8d9OwRSj1eGs1eHdpro5oeJSTU4=","fileName":"Untitled-2.jpg","name":"Untitled-2","width":577,"height":551,"thumbnail":{"url":"np://user.desktop.nicepage.com/Site_946200960/images/thumbnails/Untitled-2.jpg","width":250,"height":239},"folderId":null,"originalUrl":"https://assets.nicepagecdn.com/d2cc3eaa/6414576/images/Untitled-2.jpg","usages":["2132117694"]},{"id":"user-image-image-woman-smiling-staying-with.jpg","publicUrl":"np://user.desktop.nicepage.com/Site_946200960/images/image-woman-smiling-staying-with.jpg","size":107879,"hash":"rILvZQ1DQhzJaEjxEM/Z2vs5oh8=","fileName":"image-woman-smiling-staying-with.jpg","name":"image-woman-smiling-staying-with","width":740,"height":1110,"thumbnail":{"url":"np://user.desktop.nicepage.com/Site_946200960/images/thumbnails/image-woman-smiling-staying-with.jpg","width":167,"height":250},"folderId":null,"originalUrl":"https://assets.nicepagecdn.com/d2cc3eaa/6414576/images/image-woman-smiling-staying-with.jpg","usages":["2132117694"]},{"id":"user-image-top-view-colorful-hummus_23-2149.jpg","publicUrl":"np://user.desktop.nicepage.com/Site_946200960/images/top-view-colorful-hummus_23-2149.jpg","size":255290,"hash":"MnOW3d0iJ/REPzyYLsubSJ4GPC4=","fileName":"top-view-colorful-hummus_23-2149.jpg","name":"top-view-colorful-hummus_23-2149","width":740,"height":1110,"thumbnail":{"url":"np://user.desktop.nicepage.com/Site_946200960/images/thumbnails/top-view-colorful-hummus_23-2149.jpg","width":167,"height":250},"folderId":null,"originalUrl":"https://assets.nicepagecdn.com/d2cc3eaa/6414576/images/top-view-colorful-hummus_23-2149.jpg","usages":["2132117694"]},{"id":"user-image-diet-concept-with-sport-woman-he.jpg","publicUrl":"np://user.desktop.nicepage.com/Site_946200960/images/diet-concept-with-sport-woman-he.jpg","size":103364,"hash":"wY44gbiaou1n2Q9uLTFxkDDXng4=","fileName":"diet-concept-with-sport-woman-he.jpg","name":"diet-concept-with-sport-woman-he","width":740,"height":1110,"thumbnail":{"url":"np://user.desktop.nicepage.com/Site_946200960/images/thumbnails/diet-concept-with-sport-woman-he.jpg","width":167,"height":250},"folderId":null,"originalUrl":"https://assets.nicepagecdn.com/d2cc3eaa/6414576/images/diet-concept-with-sport-woman-he.jpg","usages":["2132117694"]},{"id":"user-image-sports-girl-kitchen-with-vegetables6.jpg","publicUrl":"np://user.desktop.nicepage.com/Site_946200960/images/sports-girl-kitchen-with-vegetables6.jpg","size":683242,"hash":"ZUvB60/0rGTcZSshfrUyPqyjNOc=","fileName":"sports-girl-kitchen-with-vegetables6.jpg","name":"sports-girl-kitchen-with-vegetables6","width":1980,"height":1320,"thumbnail":{"url":"np://user.desktop.nicepage.com/Site_946200960/images/thumbnails/sports-girl-kitchen-with-vegetables6.jpg","width":250,"height":167},"folderId":null,"originalUrl":"https://assets.nicepagecdn.com/d2cc3eaa/6414576/images/sports-girl-kitchen-with-vegetables6.jpg","usages":["2132117694"]},{"id":"user-image-happy-woman-standing-indoors-drinking-citrus-beverage_171337-14305.jpg","publicUrl":"np://user.desktop.nicepage.com/Site_946200960/images/happy-woman-standing-indoors-drinking-citrus-beverage_171337-14305.jpg","size":116039,"hash":"x0SqQXFgWxc7MMRBtJRMi/H/a0g=","fileName":"happy-woman-standing-indoors-drinking-citrus-beverage_171337-14305.jpg","name":"happy-woman-standing-indoors-drinking-citrus-beverage_171337-14305","width":740,"height":1110,"thumbnail":{"url":"np://user.desktop.nicepage.com/Site_946200960/images/thumbnails/happy-woman-standing-indoors-drinking-citrus-beverage_171337-14305.jpg","width":167,"height":250},"folderId":null,"originalUrl":"https://assets.nicepagecdn.com/d2cc3eaa/6414576/images/happy-woman-standing-indoors-drinking-citrus-beverage_171337-14305.jpg","usages":["2132117694","80835936"]},{"id":"user-image-happy-young-sportsman-holding-scales-3-min.png","publicUrl":"np://user.desktop.nicepage.com/Site_946200960/images/happy-young-sportsman-holding-scales-3-min.png","size":266165,"hash":"kuhPhqzkm/nSWpQ8s73BbWeQQhw=","fileName":"happy-young-sportsman-holding-scales-3-min.png","name":"happy-young-sportsman-holding-scales-3-min","width":900,"height":1091,"thumbnail":{"url":"np://user.desktop.nicepage.com/Site_946200960/images/thumbnails/happy-young-sportsman-holding-scales-3-min.png","width":206,"height":250},"folderId":null,"originalUrl":"https://assets.nicepagecdn.com/d2cc3eaa/6414576/images/happy-young-sportsman-holding-scales-3-min.png","usages":["2132117694"]},{"id":"user-image-cheerful-lady-standing-near-tabl.jpg","publicUrl":"np://user.desktop.nicepage.com/Site_946200960/images/cheerful-lady-standing-near-tabl.jpg","size":151028,"hash":"KC9Ej40us1B51MlKz6XWCV4LVJ0=","fileName":"cheerful-lady-standing-near-tabl.jpg","name":"cheerful-lady-standing-near-tabl","width":740,"height":1110,"thumbnail":{"url":"np://user.desktop.nicepage.com/Site_946200960/images/thumbnails/cheerful-lady-standing-near-tabl.jpg","width":167,"height":250},"folderId":null,"originalUrl":"https://assets.nicepagecdn.com/d2cc3eaa/6414576/images/cheerful-lady-standing-near-tabl.jpg","usages":["2132117694"]},{"id":"user-image-happy-woman-standing-indoors-near-table-with-lot-citruses5.jpg","publicUrl":"np://user.desktop.nicepage.com/Site_946200960/images/happy-woman-standing-indoors-near-table-with-lot-citruses5.jpg","size":212385,"hash":"9R+xgED2h5WWjtVaOq5Q3RJk8a4=","fileName":"happy-woman-standing-indoors-near-table-with-lot-citruses5.jpg","name":"happy-woman-standing-indoors-near-table-with-lot-citruses5","width":700,"height":968,"thumbnail":{"url":"np://user.desktop.nicepage.com/Site_946200960/images/thumbnails/happy-woman-standing-indoors-near-table-with-lot-citruses5.jpg","width":181,"height":250},"folderId":null,"originalUrl":"https://assets.nicepagecdn.com/d2cc3eaa/6414576/images/happy-woman-standing-indoors-near-table-with-lot-citruses5.jpg","usages":["2132117694"]},{"id":"user-image-ung-lady-having-fun-breakfast-with-green-apples-oranges-indoor-photo-positive-caucasian-girl-eating-fruits-cake_197531-9712.jpg","publicUrl":"np://user.desktop.nicepage.com/Site_946200960/images/ung-lady-having-fun-breakfast-with-green-apples-oranges-indoor-photo-positive-caucasian-girl-eating-fruits-cake_197531-9712.jpg","size":138879,"hash":"QgYQJnfOYVcepDSu3E/M3KcOwUc=","fileName":"ung-lady-having-fun-breakfast-with-green-apples-oranges-indoor-photo-positive-caucasian-girl-eating-fruits-cake_197531-9712.jpg","name":"ung-lady-having-fun-breakfast-with-green-apples-oranges-indoor-photo-positive-caucasian-girl-eating-fruits-cake_197531-9712","width":1380,"height":920,"thumbnail":{"url":"np://user.desktop.nicepage.com/Site_946200960/images/thumbnails/ung-lady-having-fun-breakfast-with-green-apples-oranges-indoor-photo-positive-caucasian-girl-eating-fruits-cake_197531-9712.jpg","width":250,"height":167},"folderId":null,"usages":[]},{"id":"user-image-young-happy-woman-eating-salad-t.jpg","publicUrl":"np://user.desktop.nicepage.com/Site_946200960/images/young-happy-woman-eating-salad-t.jpg","size":131548,"hash":"EBMI3BM6cDZeeDA+wkA5VKZUtlA=","fileName":"young-happy-woman-eating-salad-t.jpg","name":"young-happy-woman-eating-salad-t","width":900,"height":778,"thumbnail":{"url":"np://user.desktop.nicepage.com/Site_946200960/images/thumbnails/young-happy-woman-eating-salad-t.jpg","width":250,"height":216},"folderId":null,"usages":[]},{"id":"user-image-young-sporty-woman-with-pepper-k.jpg","publicUrl":"np://user.desktop.nicepage.com/Site_946200960/images/young-sporty-woman-with-pepper-k.jpg","size":182855,"hash":"lOr3k0paIc3Ccm9jXQTVwgN2cuw=","fileName":"young-sporty-woman-with-pepper-k.jpg","name":"young-sporty-woman-with-pepper-k","width":1380,"height":920,"thumbnail":{"url":"np://user.desktop.nicepage.com/Site_946200960/images/thumbnails/young-sporty-woman-with-pepper-k.jpg","width":250,"height":167},"folderId":null,"usages":[]},{"id":"user-image-flexitarian-diet-food-composition_23-2148955511.jpg","publicUrl":"np://user.desktop.nicepage.com/Site_946200960/images/flexitarian-diet-food-composition_23-2148955511.jpg","size":95015,"hash":"s5i29EogOo0xcLES1mSUh4Z24sE=","fileName":"flexitarian-diet-food-composition_23-2148955511.jpg","name":"flexitarian-diet-food-composition_23-2148955511","width":996,"height":796,"thumbnail":{"url":"np://user.desktop.nicepage.com/Site_946200960/images/thumbnails/flexitarian-diet-food-composition_23-2148955511.jpg","width":250,"height":200},"folderId":null,"usages":[]},{"id":"user-image-diet-concept-with-sporty-woman-k.jpg","publicUrl":"np://user.desktop.nicepage.com/Site_946200960/images/diet-concept-with-sporty-woman-k.jpg","size":168938,"hash":"DSicc3uUxTzSx+QdgcVzomOVDYY=","fileName":"diet-concept-with-sporty-woman-k.jpg","name":"diet-concept-with-sporty-woman-k","width":1380,"height":920,"thumbnail":{"url":"np://user.desktop.nicepage.com/Site_946200960/images/thumbnails/diet-concept-with-sporty-woman-k.jpg","width":250,"height":167},"folderId":null,"usages":[]},{"id":"user-image-flat-lay-plate-with-keto-diet-fo.jpg","publicUrl":"np://user.desktop.nicepage.com/Site_946200960/images/flat-lay-plate-with-keto-diet-fo.jpg","size":544778,"hash":"8pEKeURmyhUsaQ17TBzFzIWDWSA=","fileName":"flat-lay-plate-with-keto-diet-fo.jpg","name":"flat-lay-plate-with-keto-diet-fo","width":1380,"height":920,"thumbnail":{"url":"np://user.desktop.nicepage.com/Site_946200960/images/thumbnails/flat-lay-plate-with-keto-diet-fo.jpg","width":250,"height":167},"folderId":null,"usages":[]},{"id":"user-image-11.jpg","publicUrl":"np://user.desktop.nicepage.com/Site_946200960/images/11.jpg","size":193731,"hash":"FI2jTgorqJZwvDGDMO18APG/lMI=","fileName":"11.jpg","name":"11","width":740,"height":953,"thumbnail":{"url":"np://user.desktop.nicepage.com/Site_946200960/images/thumbnails/11.jpg","width":194,"height":250},"folderId":null,"usages":[]},{"id":"user-image-book-new2-min.png","publicUrl":"np://user.desktop.nicepage.com/Site_946200960/images/book-new2-min.png","size":51508,"hash":"LsTdgYclrRb9fExy7s36mRefl34=","fileName":"book-new2-min.png","name":"book-new2-min","width":681,"height":818,"thumbnail":{"url":"np://user.desktop.nicepage.com/Site_946200960/images/thumbnails/book-new2-min.png","width":208,"height":250},"folderId":null,"usages":["2132117694"]},{"id":"user-image-09.jpg","publicUrl":"np://user.desktop.nicepage.com/Site_946200960/images/09.jpg","size":137379,"hash":"a2n42g8zIx4Y7luwgjX3YCdG58s=","fileName":"09.jpg","name":"09","width":740,"height":953,"thumbnail":{"url":"np://user.desktop.nicepage.com/Site_946200960/images/thumbnails/09.jpg","width":194,"height":250},"folderId":null,"usages":[]},{"id":"user-image-67.jpg","publicUrl":"np://user.desktop.nicepage.com/Site_946200960/images/67.jpg","size":256716,"hash":"Q/RXtdRPCHGC5yVXMZ5Z1na0BpQ=","fileName":"67.jpg","name":"67","width":740,"height":953,"thumbnail":{"url":"np://user.desktop.nicepage.com/Site_946200960/images/thumbnails/67.jpg","width":194,"height":250},"folderId":null,"usages":[]},{"id":"user-image-001.jpg","publicUrl":"np://user.desktop.nicepage.com/Site_946200960/images/001.jpg","size":169615,"hash":"Fly8uRiBH/5DqbnxR0sRwfcbXPY=","fileName":"001.jpg","name":"001","width":740,"height":953,"thumbnail":{"url":"np://user.desktop.nicepage.com/Site_946200960/images/thumbnails/001.jpg","width":194,"height":250},"folderId":null,"usages":[]},{"id":"user-image-002.jpg","publicUrl":"np://user.desktop.nicepage.com/Site_946200960/images/002.jpg","size":290903,"hash":"UE84RbCoHwgODGCjl/BjV9lc51U=","fileName":"002.jpg","name":"002","width":740,"height":953,"thumbnail":{"url":"np://user.desktop.nicepage.com/Site_946200960/images/thumbnails/002.jpg","width":194,"height":250},"folderId":null,"usages":[]}]