[{"id":165640406,"title":"Blog Template","order":1,"templateKey":"blog","customTemplate":false,"customTemplateFilename":null,"pageLinks":[],"dateCreated":"2025-04-05T21:52:37.643Z","dateUpdated":"2025-04-05T21:52:39.609Z","folderId":null,"pageName":"Blog Template","serverPageId":null,"sectionCount":1,"status":2,"backwardUrl":null},{"id":77290298,"title":"Post Template","order":2,"templateKey":"post","customTemplate":false,"customTemplateFilename":null,"pageLinks":[],"dateCreated":"2025-04-05T21:52:37.790Z","dateUpdated":"2025-04-05T21:52:39.610Z","folderId":null,"pageName":"Post Template","serverPageId":null,"sectionCount":1,"status":2,"backwardUrl":null},{"id":57995770,"title":"Product List Template","order":3,"templateKey":"products","customTemplate":false,"customTemplateFilename":null,"pageLinks":[],"dateCreated":"2025-04-05T21:52:38.082Z","dateUpdated":"2025-04-05T21:52:39.610Z","folderId":null,"pageName":"Product List Template","serverPageId":null,"sectionCount":1,"status":2,"backwardUrl":null},{"id":65676937,"title":"Product Details Template","order":4,"templateKey":"product","customTemplate":false,"customTemplateFilename":null,"pageLinks":[],"dateCreated":"2025-04-05T21:52:38.288Z","dateUpdated":"2025-04-05T21:52:39.611Z","folderId":null,"pageName":"Product Details Template","serverPageId":null,"sectionCount":1,"status":2,"backwardUrl":null},{"id":102403039,"title":"Shopping Cart Template","order":5,"templateKey":"cart","customTemplate":false,"customTemplateFilename":null,"pageLinks":[],"dateCreated":"2025-04-05T21:52:38.450Z","dateUpdated":"2025-04-05T21:52:39.611Z","folderId":null,"pageName":"Shopping Cart Template","serverPageId":null,"sectionCount":1,"status":2,"backwardUrl":null},{"id":826930128,"title":"Checkout Template","order":6,"templateKey":"checkout","customTemplate":false,"customTemplateFilename":null,"pageLinks":[],"dateCreated":"2025-04-05T21:52:38.633Z","dateUpdated":"2025-04-05T21:52:39.611Z","folderId":null,"pageName":"Checkout Template","serverPageId":null,"sectionCount":1,"status":2,"backwardUrl":null},{"id":960608767,"title":"Login Template","order":7,"templateKey":"login","customTemplate":false,"customTemplateFilename":null,"pageLinks":[],"dateCreated":"2025-04-05T21:52:38.743Z","dateUpdated":"2025-04-05T21:52:39.611Z","folderId":null,"pageName":"Login Template","serverPageId":null,"sectionCount":1,"status":2,"backwardUrl":null},{"id":134748944,"title":"Search Page Template","order":8,"templateKey":"Search","customTemplate":false,"customTemplateFilename":null,"pageLinks":[],"dateCreated":"2025-04-05T21:52:38.830Z","dateUpdated":"2025-04-05T21:52:39.611Z","folderId":null,"pageName":"Search Page Template","serverPageId":null,"sectionCount":1,"status":2,"backwardUrl":null},{"id":2310708344,"title":"Page Password Template","order":9,"templateKey":"password","customTemplate":false,"customTemplateFilename":null,"pageLinks":[],"dateCreated":"2025-04-05T21:52:38.920Z","dateUpdated":"2025-04-05T21:52:39.611Z","folderId":null,"pageName":"Page Password Template","serverPageId":null,"sectionCount":1,"status":2,"backwardUrl":null},{"id":261127278,"title":"404 Not Found Template","order":10,"templateKey":"404","customTemplate":false,"customTemplateFilename":null,"pageLinks":[],"dateCreated":"2025-04-05T21:52:38.998Z","dateUpdated":"2025-04-05T21:52:39.612Z","folderId":null,"pageName":"404 Not Found Template","serverPageId":null,"sectionCount":1,"status":2,"backwardUrl":null},{"id":28763740,"title":"Thank You Page Template","order":11,"templateKey":"ThankYou","customTemplate":false,"customTemplateFilename":null,"pageLinks":[],"dateCreated":"2025-04-05T21:52:39.068Z","dateUpdated":"2025-04-05T21:52:39.612Z","folderId":null,"pageName":"Thank You Page Template","serverPageId":null,"sectionCount":1,"status":2,"backwardUrl":null},{"id":2132117694,"title":"Home","order":12,"templateKey":null,"customTemplate":false,"customTemplateFilename":null,"pageLinks":[],"dateCreated":"2025-04-05T21:53:32.270Z","dateUpdated":"2025-04-05T21:54:38.988Z","folderId":null,"pageName":"Home_2132117694","serverPageId":null,"sectionCount":12,"status":2,"backwardUrl":null},{"id":96055898,"title":"Shop","order":13,"templateKey":null,"customTemplate":false,"customTemplateFilename":null,"pageLinks":[],"dateCreated":"2025-04-05T21:53:33.238Z","dateUpdated":"2025-04-05T21:53:33.238Z","folderId":null,"pageName":"Shop_96055898","serverPageId":null,"sectionCount":2,"status":2,"backwardUrl":null},{"id":93217461,"title":"About","order":14,"templateKey":null,"customTemplate":false,"customTemplateFilename":null,"pageLinks":[],"dateCreated":"2025-04-05T21:53:35.463Z","dateUpdated":"2025-04-05T21:53:35.463Z","folderId":null,"pageName":"About_93217461","serverPageId":null,"sectionCount":7,"status":2,"backwardUrl":null},{"id":97057916,"title":"Blog","order":15,"templateKey":null,"customTemplate":false,"customTemplateFilename":null,"pageLinks":["6","5","4","3","2","1"],"dateCreated":"2025-04-05T21:53:37.186Z","dateUpdated":"2025-04-05T21:53:37.186Z","folderId":null,"pageName":"Blog_97057916","serverPageId":null,"sectionCount":2,"status":2,"backwardUrl":null},{"id":774806507,"title":"Landing","order":16,"templateKey":null,"customTemplate":false,"customTemplateFilename":null,"pageLinks":[],"dateCreated":"2025-04-05T21:53:41.121Z","dateUpdated":"2025-04-05T21:53:41.121Z","folderId":null,"pageName":"Landing_774806507","serverPageId":null,"sectionCount":13,"status":2,"backwardUrl":null},{"id":836217203,"title":"Services","order":17,"templateKey":null,"customTemplate":false,"customTemplateFilename":null,"pageLinks":[],"dateCreated":"2025-04-05T21:53:42.760Z","dateUpdated":"2025-04-05T21:53:42.760Z","folderId":null,"pageName":"Services_836217203","serverPageId":null,"sectionCount":5,"status":2,"backwardUrl":null},{"id":60679763,"title":"FAQ Page","order":18,"templateKey":null,"customTemplate":false,"customTemplateFilename":null,"pageLinks":[],"dateCreated":"2025-04-05T21:53:43.541Z","dateUpdated":"2025-04-05T21:53:43.541Z","folderId":null,"pageName":"FAQ Page_60679763","serverPageId":null,"sectionCount":3,"status":2,"backwardUrl":null},{"id":91276351,"title":"Contact","order":19,"templateKey":null,"customTemplate":false,"customTemplateFilename":null,"pageLinks":[],"dateCreated":"2025-04-05T21:53:44.113Z","dateUpdated":"2025-04-05T21:53:44.113Z","folderId":null,"pageName":"Contact_91276351","serverPageId":null,"sectionCount":2,"status":2,"backwardUrl":null},{"id":79207480,"title":"Pricing Page","order":20,"templateKey":null,"customTemplate":false,"customTemplateFilename":null,"pageLinks":[],"dateCreated":"2025-04-05T21:53:45.670Z","dateUpdated":"2025-04-05T21:53:45.670Z","folderId":null,"pageName":"Pricing Page_79207480","serverPageId":null,"sectionCount":3,"status":2,"backwardUrl":null},{"id":80835936,"title":"Calendar & Booking","order":21,"templateKey":null,"customTemplate":false,"customTemplateFilename":null,"pageLinks":[],"dateCreated":"2025-04-05T21:53:46.881Z","dateUpdated":"2025-04-06T11:04:24.330Z","folderId":null,"pageName":"Calendar & Booking_80835936","serverPageId":null,"sectionCount":3,"status":2,"backwardUrl":null}]