{"products":[{"id":"6","name":"healthy-breakfast","title":"Healthy Breakfast","description":"Sample text. Lorem ipsum dolor sit amet, consectetur adipiscing elit nullam nunc justo sagittis suscipit.","fullDescription":"Sample text. Lorem ipsum dolor sit amet, consectetur adipiscing elit, sed do eiusmod tempor incididunt ut labore et dolore magna aliqua. Ut enim ad minim veniam, quis nostrud exercitation ullamco laboris nisi ut aliquip ex ea commodo consequat.","price":"18","oldPrice":"","quantity":1,"currency":"USD","sku":"","outOfStock":false,"isFeatured":false,"categories":[],"images":[{"url":"np://user.desktop.nicepage.com/Site_946200960/images/002.jpg"}],"created":1735143008332,"updated":1738061168777,"isDefault":true},{"id":"5","name":"weight-loss","title":"Weight Loss","description":"Sample text. Lorem ipsum dolor sit amet, consectetur adipiscing elit nullam nunc justo sagittis suscipit.","fullDescription":"Sample text. Lorem ipsum dolor sit amet, consectetur adipiscing elit, sed do eiusmod tempor incididunt ut labore et dolore magna aliqua. Ut enim ad minim veniam, quis nostrud exercitation ullamco laboris nisi ut aliquip ex ea commodo consequat.","price":"29","oldPrice":"44","quantity":1,"currency":"USD","sku":"","outOfStock":false,"isFeatured":false,"categories":[],"images":[{"url":"np://user.desktop.nicepage.com/Site_946200960/images/001.jpg"}],"created":1735143008332,"updated":1738061427785,"isDefault":true},{"id":"4","name":"grilled-vegetables","title":"Grilled Vegetables","description":"Sample text. Lorem ipsum dolor sit amet, consectetur adipiscing elit nullam nunc justo sagittis suscipit.","fullDescription":"Sample text. Lorem ipsum dolor sit amet, consectetur adipiscing elit, sed do eiusmod tempor incididunt ut labore et dolore magna aliqua. Ut enim ad minim veniam, quis nostrud exercitation ullamco laboris nisi ut aliquip ex ea commodo consequat.","price":"15","oldPrice":"22","quantity":1,"currency":"USD","sku":"","outOfStock":false,"isFeatured":false,"categories":[],"images":[{"url":"np://user.desktop.nicepage.com/Site_946200960/images/67.jpg"}],"created":1735143008331,"updated":1738068326946,"isDefault":true},{"id":"2","name":"fruit-mix","title":"Fruit Mix","description":"Sample text. Lorem ipsum dolor sit amet, consectetur adipiscing elit nullam nunc justo sagittis suscipit.","fullDescription":"Sample text. Lorem ipsum dolor sit amet, consectetur adipiscing elit, sed do eiusmod tempor incididunt ut labore et dolore magna aliqua. Ut enim ad minim veniam, quis nostrud exercitation ullamco laboris nisi ut aliquip ex ea commodo consequat.","price":"24","oldPrice":"30","quantity":1,"currency":"USD","sku":"","outOfStock":false,"isFeatured":false,"categories":[],"images":[{"url":"np://user.desktop.nicepage.com/Site_946200960/images/09.jpg"}],"created":1735143008331,"updated":1739439718250,"isDefault":true},{"id":"3","name":"the-nutrition-book","title":"The Nutrition Book","description":"Sample text. Lorem ipsum dolor sit amet, consectetur adipiscing elit nullam nunc justo sagittis suscipit.","fullDescription":"Sample text. Lorem ipsum dolor sit amet, consectetur adipiscing elit, sed do eiusmod tempor incididunt ut labore et dolore magna aliqua. Ut enim ad minim veniam, quis nostrud exercitation ullamco laboris nisi ut aliquip ex ea commodo consequat.","price":"19","oldPrice":"25","quantity":1,"currency":"USD","sku":"","outOfStock":false,"isFeatured":false,"categories":[],"images":[{"url":"np://user.desktop.nicepage.com/Site_946200960/images/book-new2-min.png"}],"created":1735143008331,"updated":1738068741312,"isDefault":true},{"id":"1","name":"best-protein-shakes","title":"Best Protein Shakes","description":"Sample text. Lorem ipsum dolor sit amet, consectetur adipiscing elit nullam nunc justo sagittis suscipit.","fullDescription":"Sample text. Lorem ipsum dolor sit amet, consectetur adipiscing elit, sed do eiusmod tempor incididunt ut labore et dolore magna aliqua. Ut enim ad minim veniam, quis nostrud exercitation ullamco laboris nisi ut aliquip ex ea commodo consequat.","price":"17","oldPrice":"20","quantity":1,"currency":"USD","sku":"","outOfStock":false,"isFeatured":false,"categories":[],"images":[{"url":"np://user.desktop.nicepage.com/Site_946200960/images/11.jpg"}],"created":1735143008331,"updated":1738069031923,"isDefault":true}],"categories":[{"id":"3","title":"Accessories","categoryId":null,"created":1735143008331,"updated":1735143008331}]}